{"type":"Topology","transform":{"scale":[0.0011047541918280726,0.0006052925758015243],"translate":[-139.05220104099993,48.313656887]},"arcs":[[[20842,1135],[-1,325],[-118,142],[-139,399],[-242,-115],[-99,194],[89,209],[-86,186],[194,374],[-197,750],[73,292],[-171,100]],[[20145,3991],[30,195],[454,461],[-18,339]],[[20611,4986],[249,-181],[76,-230],[248,-141],[89,-331],[213,-118],[76,-299],[197,43],[196,-404],[119,-455],[3,-673],[58,-382],[178,-329],[205,-82],[96,-270],[-1772,1]],[[17117,7539],[106,-197],[232,-161],[645,-45],[116,-106],[1,-356],[112,-291]],[[18329,6383],[-167,-406],[91,-258],[-60,-519],[-441,-396],[-170,-566],[94,-211],[-1,-288],[-108,-289]],[[17567,3450],[-106,-279]],[[17461,3171],[-6,-314],[-259,-309]],[[17196,2548],[-249,93],[-141,-231],[-419,-20],[-13,-143]],[[16374,2247],[-147,11],[-35,332],[-137,283],[-266,-18],[-588,135]],[[15201,2990],[-52,105],[179,378],[213,6],[110,210],[-4,336],[125,407],[-486,-10],[-272,205],[-59,157]],[[14955,4784],[-133,141],[236,359],[806,59],[96,-281],[259,102],[519,-8],[0,375],[201,118],[80,342],[-39,236],[-218,407],[271,505],[-71,370],[155,30]],[[13892,1349],[4,0]],[[13896,1349],[-4,0]],[[13836,1229],[158,-346],[33,-516]],[[14027,367],[-124,133],[-532,106],[-199,-226]],[[13172,380],[-318,210]],[[12854,590],[283,436],[-39,339]],[[13098,1365],[93,-196],[341,-38],[304,98]],[[13226,12697],[120,-484],[344,-251]],[[13690,11962],[69,-355],[324,-42],[71,-464],[-249,-182],[-109,190],[-217,-144],[93,-303],[153,-179],[-188,-379],[151,-154],[240,-50],[-27,-466],[144,-81],[-67,-407],[176,-167],[3,-260]],[[14257,8519],[-630,23],[-126,-125],[-333,199],[-17,-209],[-193,-79],[-224,127],[-15,-712],[-1456,0]],[[11263,7743],[-383,188],[-212,270]],[[10668,8201],[-152,352],[-294,103],[-55,288],[-161,213],[95,274],[271,480],[51,202],[-219,53],[-20,880],[782,1],[262,166],[-172,200],[-30,215],[-388,265],[-144,-5],[-186,291],[-522,136],[47,236],[-159,153]],[[9674,12704],[1235,-5],[960,-1],[1357,-1]],[[14257,8519],[-3,-307],[380,33],[44,115],[442,-1],[66,137],[894,-17],[54,-101],[689,-389],[116,-367],[178,-83]],[[14955,4784],[-131,-183],[-324,169],[-183,-236],[-386,-294],[-87,6]],[[13844,4246],[-273,124],[-114,292],[-225,21],[-297,149],[-114,152],[-343,77]],[[12478,5061],[11,641],[-290,245]],[[12199,5947],[-85,345],[281,427],[-476,409],[-429,-154],[-260,672],[33,97]],[[13706,3380],[298,-307],[-19,-414],[249,-118],[46,-443]],[[14280,2098],[-182,-91],[-55,-239],[-387,213],[-99,213],[126,205],[-94,270]],[[13589,2669],[-101,218],[-7,450],[225,43]],[[18100,2476],[-289,-220]],[[17811,2256],[-100,111],[-447,33],[-68,148]],[[17461,3171],[260,-137],[298,2],[-25,-168],[275,5],[15,-157],[-184,-240]],[[12615,2575],[232,-283],[-45,-124],[138,-281]],[[12940,1887],[-191,-37]],[[12749,1850],[-241,95],[-174,250]],[[12334,2195],[-115,236],[208,222],[188,-78]],[[11092,2598],[48,-58],[67,8],[49,-406],[-190,14],[-130,327],[92,57],[64,58]],[[12863,2827],[0,-3]],[[12863,2824],[0,3]],[[12334,2195],[-67,-271],[-425,176],[-533,-72]],[[11309,2028],[-87,518],[-86,30],[-28,44],[-41,-31],[-285,-38],[-267,308],[-67,170],[-371,-31]],[[10077,2998],[356,249],[174,-78],[217,179],[394,-532],[245,-184],[121,268],[190,184],[45,264],[-104,188]],[[11715,3536],[149,-104],[331,-38],[152,-162],[48,-231],[220,-426]],[[13844,4246],[-67,-281]],[[13777,3965],[-129,149],[-338,-95],[-220,-140],[14,-400]],[[13104,3479],[-230,-186],[-398,253],[-600,18],[-8,267]],[[11868,3831],[304,-38],[98,481],[155,240],[53,547]],[[12863,2827],[0,-3]],[[13777,3965],[80,-290],[-229,-106],[78,-189]],[[13589,2669],[-82,-243],[-241,-26],[-399,471],[207,234],[30,374]],[[18868,3926],[29,-325],[-96,-167],[39,-324],[-145,-194],[-18,-273],[96,-167]],[[18773,2476],[-673,0]],[[17567,3450],[296,24],[122,184],[3,367],[269,1],[316,304],[216,-112],[79,-292]],[[17246,9074],[259,-316],[-168,-158],[208,-250],[238,0],[157,-307],[258,94],[195,-198],[65,-256],[192,-130],[201,-835]],[[18851,6718],[-241,-112],[-81,-197],[-200,-26]],[[13690,11962],[111,337],[-115,250],[111,115],[212,-179],[188,-16],[97,-271],[297,-289],[-66,-126],[317,-171],[244,-12],[490,-664],[263,-186],[28,-278],[152,-193],[190,29],[440,-327],[115,-362],[482,-545]],[[17246,16003],[-1587,-2],[-1135,1],[-1758,1]],[[12766,16003],[108,342],[-336,53],[-216,168],[-252,-56],[-310,187],[-220,294],[-274,-22],[-410,439],[79,417],[-180,61],[-293,645],[-211,165],[-68,256],[70,355]],[[10253,19307],[2014,0],[1132,0],[1584,0],[2263,0],[0,-1103],[0,-2201]],[[17246,16003],[0,-2221],[0,-2546],[0,-2162]],[[13226,12697],[-355,371],[-259,132],[-487,-124],[-189,-138],[-227,210],[-24,503],[-312,146],[-293,26],[-287,-90],[-260,84],[-170,259],[38,237],[-122,270],[207,115],[-11,207],[160,184],[459,197],[-140,699],[1089,-204],[492,259],[231,-37]],[[11527,4161],[45,-293],[-263,-17],[-4,156],[222,154]],[[10077,2998],[148,182],[-122,356],[-152,-3],[-221,259],[-101,262],[287,167],[216,-26],[665,-435],[485,-180],[433,-44]],[[11868,3831],[-225,-86],[64,312],[-189,134],[-134,-61],[-305,236],[-188,-229],[-351,180],[-309,383]],[[10231,4700],[324,116],[357,20],[270,279],[224,110],[212,-37],[241,321],[-19,232],[82,289],[277,-83]],[[6557,8136],[28,-132],[-167,-239],[326,-815],[-401,270],[-283,435],[-32,259],[529,222]],[[7769,8796],[328,-204],[182,-202],[138,-295],[-192,-51],[-527,609],[71,143]],[[8007,9248],[345,-333],[108,-182],[244,-289],[-135,-352],[-561,842],[-1,314]],[[7818,9563],[167,-247],[-224,-188],[-111,322],[168,113]],[[6677,9513],[-169,-438],[-126,-928],[-210,-164],[-288,37],[-73,259],[91,149],[-324,86],[-95,408],[-121,138],[9,335],[93,289],[314,-36],[93,-167],[228,101],[289,-141],[289,72]],[[7850,10540],[3,0]],[[7853,10540],[-3,0]],[[8890,8785],[-98,-411],[-278,304],[-126,231],[-260,307],[-9,368],[-177,148],[-26,220],[-158,51],[119,539],[120,52]],[[7997,10594],[382,32],[128,-427],[256,-216],[-2,-925],[129,-273]],[[9508,7208],[74,-329],[-249,61],[144,140],[31,128]],[[8850,7456],[314,-364],[-188,-81],[-126,445]],[[9073,8249],[354,-248],[105,-352],[-66,-523],[-150,-34],[-274,218],[-121,349],[152,590]],[[8857,8283],[115,-345],[-169,-10],[54,355]],[[9090,8618],[74,-336],[-203,19],[129,317]],[[7850,10540],[3,0]],[[10668,8201],[-187,-253],[208,-179],[19,-320],[-308,-217],[-495,-20],[-79,-323]],[[9826,6889],[55,378],[-268,169],[-162,577],[-214,171],[-113,378],[149,113],[-59,413],[-324,-303]],[[7997,10594],[51,232],[438,844],[-241,-148],[-151,460],[-21,329],[125,221],[-98,368],[-286,28],[-41,169],[-286,210],[-277,63],[-448,340],[-228,-22],[-34,343],[-226,100],[68,292],[-293,79],[113,199],[-289,487],[-275,558],[-183,257]],[[5415,16003],[1872,1],[-7,1654],[1870,1],[-53,-1658],[0,-1379],[138,-79],[195,-385],[420,-270],[286,-293],[-280,-147],[49,-174],[-158,-168],[-73,-402]],[[18773,2476],[23,-524],[137,-382],[392,2],[178,-177],[33,-260]],[[19536,1135],[-1652,-1]],[[17884,1134],[106,516],[-111,121],[-68,485]],[[14027,367],[113,-178],[-198,-189],[-770,380]],[[15201,2990],[-479,13],[97,-248],[-276,-204],[155,-242],[-1,-230]],[[14697,2079],[-388,-150]],[[14309,1929],[-29,169]],[[20145,3991],[-218,141],[4,237],[-245,154],[-167,-273],[234,-393],[-83,-266],[-379,111],[-215,-36],[-33,199],[-175,61]],[[18851,6718],[235,148],[236,-172],[-121,-151],[207,-214],[251,7],[124,-279],[161,-146],[89,-300],[216,169],[79,-249],[274,-330],[9,-215]],[[10667,6806],[65,-131],[-403,-363],[-93,-273],[-143,57],[124,401],[136,34],[156,183],[158,92]],[[10231,4700],[-39,328],[57,272],[-134,245],[-8,353],[198,112],[55,281],[411,323],[-44,200],[-55,58],[-174,-109],[-402,-302],[-31,154],[-239,274]],[[5415,16003],[-93,250],[-261,394],[72,70],[-416,492],[-376,213],[-207,453],[-194,190],[-235,54],[-125,241],[63,226],[-409,388],[-422,-223],[-226,-41],[-350,-782],[-220,-9],[-563,-415],[-140,549],[-909,854],[-90,245],[-314,155],[2310,0],[1584,0],[1132,0],[1810,0],[1584,0],[1833,0]],[[13892,1349],[4,0]],[[13098,1365],[-349,485]],[[12940,1887],[355,-169],[493,-359],[48,-130]],[[20842,1135],[-1306,0]],[[16374,2247],[-122,-528],[176,-296],[50,-289]],[[16478,1134],[-1458,4]],[[15020,1138],[44,579],[-179,312],[-188,50]],